ID	bookingNo	guestName	guestEmail	checkInDate	checkOutDate	guestCount	nights	totalAmount	currency_code	guestCurrency_code	exchangeRate	totalAmountInGuestCurrency	room_ID	status_code	createdBy
30000000-0000-4000-8000-000000000002	BK-2026-0002	Madina Rakhimova	madina.r@example.com	2026-10-10	2026-10-12	2	2	1300000.00	UZS	EUR	0.00007200	93.60	20000000-0000-4000-8000-000000000002	CONFIRMED	alice
30000000-0000-4000-8000-000000000001	BK-2026-0001	Aziz Karimov	aziz.karimov@example.com	2026-10-05	2026-10-08	1	3	1350000.00	UZS	USD	0.00007800	105.30	20000000-0000-4000-8000-000000000001	CONFIRMED	alice
30000000-0000-4000-8000-000000000003	BK-2026-0003	James Wilson	james.wilson@example.com	2026-10-15	2026-10-20	2	5	3500000.00	UZS	USD	0.00007800	273.00	20000000-0000-4000-8000-000000000003	NEW	alice
30000000-0000-4000-8000-000000000004	BK-2026-0004	Dilnoza Aliyeva	dilnoza.a@example.com	2026-10-22	2026-10-24	4	2	2400000.00	UZS	UZS	1.00000000	2400000.00	20000000-0000-4000-8000-000000000004	CONFIRMED	bob
30000000-0000-4000-8000-000000000005	BK-2026-0005	Otabek Yunusov	otabek.y@example.com	2026-09-20	2026-09-22	1	2	700000.00	UZS	UZS	1.00000000	700000.00	20000000-0000-4000-8000-000000000005	CONFIRMED	bob
30000000-0000-4000-8000-000000000006	BK-2026-0006	Sofia Miller	sofia.miller@example.com	2026-11-01	2026-11-04	2	3	1500000.00	UZS	EUR	0.00007200	108.00	20000000-0000-4000-8000-000000000006	NEW	bob
30000000-0000-4000-8000-000000000007	BK-2026-0007	Bekzod Sobirov	bekzod.s@example.com	2026-10-28	2026-10-30	4	2	1800000.00	UZS	USD	0.00007800	140.40	20000000-0000-4000-8000-000000000007	CANCELLED	manager
30000000-0000-4000-8000-000000000008	BK-2026-0008	Emma Johnson	emma.johnson@example.com	2026-10-07	2026-10-09	1	2	8400.00	TRY	EUR	0.02450000	205.80	20000000-0000-4000-8000-000000000009	CONFIRMED	manager
30000000-0000-4000-8000-000000000009	BK-2026-0009	Liam Brown	liam.brown@example.com	2026-10-12	2026-10-15	4	3	25500.00	TRY	USD	0.02800000	714.00	20000000-0000-4000-8000-000000000010	NEW	manager
30000000-0000-4000-8000-000000000010	BK-2026-0010	Anna Schmidt	anna.schmidt@example.com	2026-09-01	2026-09-05	2	4	580.00	EUR	EUR	1.00000000	580.00	20000000-0000-4000-8000-000000000012	CONFIRMED	manager
30000000-0000-4000-8000-000000000011	BK-2026-0011	Yuki Tanaka	yuki.tanaka@example.com	2026-10-18	2026-10-21	2	3	435.00	EUR	JPY	172.50000000	75037.50	20000000-0000-4000-8000-000000000012	CANCELLED	manager
30000000-0000-4000-8000-000000000012	BK-2026-0012	Michael Lee	michael.lee@example.com	2026-10-25	2026-10-27	3	2	520.00	EUR	USD	1.17000000	608.40	20000000-0000-4000-8000-000000000013	NEW	manager
30000000-0000-4000-8000-000000000013	BK-2026-0013	Rustam Nazarov	rustam.n@example.com	2026-11-20	2026-11-23	1	3	1050000.00	UZS	UZS	1.00000000	1050000.00	20000000-0000-4000-8000-000000000005	CONFIRMED	manager
30000000-0000-4000-8000-000000000014	BK-2026-0014	Lola Ismoilova	lola.i@example.com	2026-11-20	2026-11-23	2	3	1500000.00	UZS	UZS	1.00000000	1500000.00	20000000-0000-4000-8000-000000000006	CONFIRMED	bob
30000000-0000-4000-8000-000000000015	BK-2026-0015	Timur Sadikov	timur.s@example.com	2026-11-20	2026-11-23	3	3	2700000.00	UZS	UZS	1.00000000	2700000.00	20000000-0000-4000-8000-000000000007	NEW	manager
