ID	number	type	capacity	pricePerNight	hotel_ID
20000000-0000-4000-8000-000000000001	101	Single	1	450000.00	a0b8e4c7-9194-47cf-9f25-2e07ee0e645f
20000000-0000-4000-8000-000000000002	102	Double	2	650000.00	a0b8e4c7-9194-47cf-9f25-2e07ee0e645f
20000000-0000-4000-8000-000000000003	201	Double	2	700000.00	a0b8e4c7-9194-47cf-9f25-2e07ee0e645f
20000000-0000-4000-8000-000000000004	301	Suite	4	1200000.00	a0b8e4c7-9194-47cf-9f25-2e07ee0e645f
20000000-0000-4000-8000-000000000005	11	Single	1	350000.00	e566841e-5f2a-484a-a808-f1f0163c84de
20000000-0000-4000-8000-000000000006	12	Double	2	500000.00	e566841e-5f2a-484a-a808-f1f0163c84de
20000000-0000-4000-8000-000000000007	21	Suite	4	900000.00	e566841e-5f2a-484a-a808-f1f0163c84de
20000000-0000-4000-8000-000000000008	501	Single	1	2800.00	772183fd-fb5a-44ac-88e1-85cf390ec14a
20000000-0000-4000-8000-000000000009	502	Double	2	4200.00	772183fd-fb5a-44ac-88e1-85cf390ec14a
20000000-0000-4000-8000-000000000010	601	Suite	4	8500.00	772183fd-fb5a-44ac-88e1-85cf390ec14a
20000000-0000-4000-8000-000000000011	301	Single	1	95.00	95cfaf7b-7215-4cb1-a865-784484928cba
20000000-0000-4000-8000-000000000012	302	Double	2	145.00	95cfaf7b-7215-4cb1-a865-784484928cba
20000000-0000-4000-8000-000000000013	401	Suite	4	260.00	95cfaf7b-7215-4cb1-a865-784484928cba
20000000-0000-4000-8000-000000000014	7	Double	2	550000.00	2c86a569-3e39-4f91-9988-658970a8ea6c
20000000-0000-4000-8000-000000000015	8	Suite	4	950000.00	2c86a569-3e39-4f91-9988-658970a8ea6c
